{"cameraMode":{"drawMode":0,"name":"Shaded","section":"Shading Mode"},"sceneLighting":false,"audioPlay":false,"sceneViewState":{"showFog":true,"showMaterialUpdate":false,"showSkybox":false,"showFlares":true,"showImageEffects":true,"showParticleSystems":true},"in2DMode":false,"pivot":{"x":0.0,"y":0.4013866186141968,"z":3.5236237049102785},"rotation":{"x":-0.10651006549596787,"y":0.042341724038124087,"z":-0.0045396871864795689,"w":-0.9933993816375732},"size":3.192772150039673,"orthographic":false}