{"cameraMode":{"drawMode":0,"name":"Shaded","section":"Shading Mode"},"sceneLighting":false,"audioPlay":false,"sceneViewState":{"showFog":true,"showMaterialUpdate":false,"showSkybox":false,"showFlares":true,"showImageEffects":true,"showParticleSystems":true},"in2DMode":false,"pivot":{"x":-0.7826917171478272,"y":1.7588977813720704,"z":41.97735595703125},"rotation":{"x":-0.09764931350946427,"y":0.009236943908035756,"z":-0.000906031986232847,"w":-0.995177686214447},"size":105.52987670898438,"orthographic":false}