{"cameraMode":{"drawMode":0,"name":"Shaded","section":"Shading Mode"},"sceneLighting":false,"audioPlay":false,"sceneViewState":{"showFog":true,"showMaterialUpdate":false,"showSkybox":false,"showFlares":true,"showImageEffects":true,"showParticleSystems":true},"in2DMode":false,"pivot":{"x":0.0,"y":1.1563282012939454,"z":21.386276245117189},"rotation":{"x":-0.1675090789794922,"y":0.009150315076112748,"z":-0.0015544301131740213,"w":-0.985826849937439},"size":11.44075870513916,"orthographic":false}