{"cameraMode":{"drawMode":0,"name":"Shaded","section":"Shading Mode"},"sceneLighting":false,"audioPlay":false,"sceneViewState":{"showFog":true,"showMaterialUpdate":false,"showSkybox":false,"showFlares":true,"showImageEffects":true,"showParticleSystems":true},"in2DMode":false,"pivot":{"x":2.3369998931884767,"y":0.32999998331069949,"z":17.90999984741211},"rotation":{"x":-0.1675090789794922,"y":0.009150315076112748,"z":-0.0015544301131740213,"w":-0.985826849937439},"size":2.351409912109375,"orthographic":false}