{"cameraMode":{"drawMode":0,"name":"Shaded","section":"Shading Mode"},"sceneLighting":false,"audioPlay":false,"sceneViewState":{"showFog":true,"showMaterialUpdate":false,"showSkybox":false,"showFlares":true,"showImageEffects":true,"showParticleSystems":true},"in2DMode":false,"pivot":{"x":2.498847723007202,"y":0.6000000238418579,"z":20.610000610351564},"rotation":{"x":-0.1675090789794922,"y":0.009150315076112748,"z":-0.0015544301131740213,"w":-0.985826849937439},"size":3.152322769165039,"orthographic":false}