{"cameraMode":{"drawMode":0,"name":"Shaded","section":"Shading Mode"},"sceneLighting":false,"audioPlay":false,"sceneViewState":{"showFog":true,"showMaterialUpdate":false,"showSkybox":false,"showFlares":true,"showImageEffects":true,"showParticleSystems":true},"in2DMode":false,"pivot":{"x":-0.42935991287231448,"y":2.7913379669189455,"z":-3.4163594245910646},"rotation":{"x":-0.09764931350946427,"y":0.009236943908035756,"z":-0.000906031986232847,"w":-0.995177686214447},"size":23.097959518432618,"orthographic":false}